RRMSE,AVGRE,Organism,Species,Abundance,Dominance,Read Length,Software
0.493311,0.445276,OB,S10,A100000,D1,R1000,Centrifuge
0.495189,0.466869,OB,S10,A100000,D1,R150,Centrifuge
0.494375,0.451466,OB,S10,A100000,D1,R300,Centrifuge
0.464745,0.426219,OB,S10,A100000,D1,R75,Centrifuge
1.34761,0.642121,OB,S10,A100000,D1,R1000,Constrains
1.00784,0.460781,OB,S10,A100000,D1,R150,Constrains
1.2543,0.58511,OB,S10,A100000,D1,R300,Constrains
1.07139,0.482071,OB,S10,A100000,D1,R75,Constrains
0.460196,0.417166,OB,S10,A100000,D1,R1000,Kraken
0.480477,0.42867,OB,S10,A100000,D1,R150,Kraken
0.455222,0.40976,OB,S10,A100000,D1,R300,Kraken
0.52648,0.472186,OB,S10,A100000,D1,R75,Kraken
0.538318,0.400923,OB,S10,A100000,D1,R1000,MetaMix
0.555403,0.427856,OB,S10,A100000,D1,R150,MetaMix
0.630598,0.490119,OB,S10,A100000,D1,R300,MetaMix
0.552737,0.421898,OB,S10,A100000,D1,R75,MetaMix
0.583302,0.301179,OB,S10,A100000,D1,R1000,MetaPhlan2
0.516141,0.295213,OB,S10,A100000,D1,R150,MetaPhlan2
0.530058,0.269506,OB,S10,A100000,D1,R300,MetaPhlan2
0.417954,0.212263,OB,S10,A100000,D1,R75,MetaPhlan2
0.490396,0.435161,OB,S10,A100000,D1,R1000,PathoScope2
0.36894,0.349103,OB,S10,A100000,D1,R150,PathoScope2
0.373213,0.355119,OB,S10,A100000,D1,R300,PathoScope2
0.372787,0.355299,OB,S10,A100000,D1,R75,PathoScope2
0.539366,0.435932,OB,S10,A100000,D1,R1000,Sigma
0.425373,0.345629,OB,S10,A100000,D1,R150,Sigma
0.503217,0.408124,OB,S10,A100000,D1,R300,Sigma
0.360177,0.304209,OB,S10,A100000,D1,R75,Sigma
0.551028,0.490587,OB,S10,A100000,D1,R1000,Taxator
0.618017,0.566617,OB,S10,A100000,D1,R150,Taxator
0.574816,0.508566,OB,S10,A100000,D1,R300,Taxator
0.704826,0.677376,OB,S10,A100000,D1,R75,Taxator
0.390709,0.323629,OB,S10,A100000,D10,R1000,Centrifuge
0.387607,0.330707,OB,S10,A100000,D10,R150,Centrifuge
0.392863,0.331706,OB,S10,A100000,D10,R300,Centrifuge
0.378877,0.325104,OB,S10,A100000,D10,R75,Centrifuge
0.518308,0.281709,OB,S10,A100000,D10,R1000,Constrains
0.402122,0.255515,OB,S10,A100000,D10,R150,Constrains
0.512062,0.296341,OB,S10,A100000,D10,R300,Constrains
0.41527,0.268806,OB,S10,A100000,D10,R75,Constrains
0.402778,0.331616,OB,S10,A100000,D10,R1000,Kraken
0.429917,0.352934,OB,S10,A100000,D10,R150,Kraken
0.40023,0.327878,OB,S10,A100000,D10,R300,Kraken
0.482803,0.404733,OB,S10,A100000,D10,R75,Kraken
0.52356,0.395109,OB,S10,A100000,D10,R1000,MetaMix
0.562757,0.469237,OB,S10,A100000,D10,R150,MetaMix
0.538446,0.424549,OB,S10,A100000,D10,R300,MetaMix
0.52571,0.402647,OB,S10,A100000,D10,R75,MetaMix
0.363598,0.253019,OB,S10,A100000,D10,R1000,MetaPhlan2
0.379413,0.249142,OB,S10,A100000,D10,R150,MetaPhlan2
0.355637,0.246944,OB,S10,A100000,D10,R300,MetaPhlan2
0.365366,0.236238,OB,S10,A100000,D10,R75,MetaPhlan2
0.323734,0.287633,OB,S10,A100000,D10,R1000,PathoScope2
0.316067,0.280082,OB,S10,A100000,D10,R150,PathoScope2
0.319932,0.284166,OB,S10,A100000,D10,R300,PathoScope2
0.325516,0.290519,OB,S10,A100000,D10,R75,PathoScope2
0.629936,0.463452,OB,S10,A100000,D10,R1000,Sigma
0.511621,0.35821,OB,S10,A100000,D10,R150,Sigma
0.596417,0.434596,OB,S10,A100000,D10,R300,Sigma
0.46047,0.304921,OB,S10,A100000,D10,R75,Sigma
0.481791,0.390363,OB,S10,A100000,D10,R1000,Taxator
0.554266,0.456706,OB,S10,A100000,D10,R150,Taxator
0.508963,0.412029,OB,S10,A100000,D10,R300,Taxator
0.635724,0.559356,OB,S10,A100000,D10,R75,Taxator
0.37222,0.299048,OB,S10,A100000,D50,R1000,Centrifuge
0.374919,0.306288,OB,S10,A100000,D50,R150,Centrifuge
0.380076,0.310061,OB,S10,A100000,D50,R300,Centrifuge
0.35964,0.298352,OB,S10,A100000,D50,R75,Centrifuge
0.59462,0.441981,OB,S10,A100000,D50,R1000,Constrains
0.512366,0.380735,OB,S10,A100000,D50,R150,Constrains
0.535652,0.402376,OB,S10,A100000,D50,R300,Constrains
0.495697,0.368021,OB,S10,A100000,D50,R75,Constrains
0.394297,0.312136,OB,S10,A100000,D50,R1000,Kraken
0.432089,0.3461,OB,S10,A100000,D50,R150,Kraken
0.391975,0.311342,OB,S10,A100000,D50,R300,Kraken
0.474927,0.392332,OB,S10,A100000,D50,R75,Kraken
0.420509,0.313971,OB,S10,A100000,D50,R1000,MetaMix
0.451308,0.343218,OB,S10,A100000,D50,R150,MetaMix
0.519421,0.380458,OB,S10,A100000,D50,R300,MetaMix
0.551198,0.420111,OB,S10,A100000,D50,R75,MetaMix
0.572792,0.416191,OB,S10,A100000,D50,R1000,MetaPhlan2
0.549925,0.409348,OB,S10,A100000,D50,R150,MetaPhlan2
0.540388,0.391593,OB,S10,A100000,D50,R300,MetaPhlan2
0.551031,0.415386,OB,S10,A100000,D50,R75,MetaPhlan2
0.330993,0.275737,OB,S10,A100000,D50,R1000,PathoScope2
0.329995,0.274643,OB,S10,A100000,D50,R150,PathoScope2
0.324252,0.2713,OB,S10,A100000,D50,R300,PathoScope2
0.331566,0.274818,OB,S10,A100000,D50,R75,PathoScope2
0.840997,0.575164,OB,S10,A100000,D50,R1000,Sigma
0.705851,0.438759,OB,S10,A100000,D50,R150,Sigma
0.796275,0.537222,OB,S10,A100000,D50,R300,Sigma
0.652663,0.370584,OB,S10,A100000,D50,R75,Sigma
0.465921,0.368951,OB,S10,A100000,D50,R1000,Taxator
0.537784,0.437864,OB,S10,A100000,D50,R150,Taxator
0.49443,0.394584,OB,S10,A100000,D50,R300,Taxator
0.617508,0.535933,OB,S10,A100000,D50,R75,Taxator
0.41255,0.354978,OB,S10,A100000,D100,R1000,Centrifuge
0.406484,0.342056,OB,S10,A100000,D100,R150,Centrifuge
0.41873,0.355872,OB,S10,A100000,D100,R300,Centrifuge
0.373147,0.323372,OB,S10,A100000,D100,R75,Centrifuge
0.668919,0.443766,OB,S10,A100000,D100,R1000,Constrains
0.48792,0.360875,OB,S10,A100000,D100,R150,Constrains
0.55574,0.382975,OB,S10,A100000,D100,R300,Constrains
0.511874,0.367293,OB,S10,A100000,D100,R75,Constrains
0.391419,0.315711,OB,S10,A100000,D100,R1000,Kraken
0.430938,0.354911,OB,S10,A100000,D100,R150,Kraken
0.403859,0.323844,OB,S10,A100000,D100,R300,Kraken
0.48235,0.4092,OB,S10,A100000,D100,R75,Kraken
0.415751,0.311089,OB,S10,A100000,D100,R1000,MetaMix
0.351737,0.288861,OB,S10,A100000,D100,R150,MetaMix
0.420058,0.316539,OB,S10,A100000,D100,R300,MetaMix
0.352784,0.289778,OB,S10,A100000,D100,R75,MetaMix
0.478755,0.364077,OB,S10,A100000,D100,R1000,MetaPhlan2
0.48369,0.346929,OB,S10,A100000,D100,R150,MetaPhlan2
0.470272,0.34839,OB,S10,A100000,D100,R300,MetaPhlan2
0.448237,0.321148,OB,S10,A100000,D100,R75,MetaPhlan2
0.341796,0.279922,OB,S10,A100000,D100,R1000,PathoScope2
0.352102,0.288889,OB,S10,A100000,D100,R150,PathoScope2
0.353395,0.288367,OB,S10,A100000,D100,R300,PathoScope2
0.355224,0.289622,OB,S10,A100000,D100,R75,PathoScope2
1.0169,0.717724,OB,S10,A100000,D100,R1000,Sigma
0.773499,0.490018,OB,S10,A100000,D100,R150,Sigma
0.944027,0.650723,OB,S10,A100000,D100,R300,Sigma
0.679333,0.394347,OB,S10,A100000,D100,R75,Sigma
0.463585,0.377722,OB,S10,A100000,D100,R1000,Taxator
0.537692,0.467,OB,S10,A100000,D100,R150,Taxator
0.493342,0.410572,OB,S10,A100000,D100,R300,Taxator
0.624697,0.56805,OB,S10,A100000,D100,R75,Taxator
0.46762,0.425217,OB,S10,A1000000,D1,R1000,Centrifuge
0.460301,0.426078,OB,S10,A1000000,D1,R150,Centrifuge
0.468615,0.429962,OB,S10,A1000000,D1,R300,Centrifuge
0.437993,0.406334,OB,S10,A1000000,D1,R75,Centrifuge
1.05551,0.588045,OB,S10,A1000000,D1,R1000,Constrains
0.869622,0.487275,OB,S10,A1000000,D1,R150,Constrains
0.959073,0.5276,OB,S10,A1000000,D1,R300,Constrains
0.826763,0.470647,OB,S10,A1000000,D1,R75,Constrains
0.432138,0.387088,OB,S10,A1000000,D1,R1000,Kraken
0.463875,0.414898,OB,S10,A1000000,D1,R150,Kraken
0.433229,0.388199,OB,S10,A1000000,D1,R300,Kraken
0.510362,0.45809,OB,S10,A1000000,D1,R75,Kraken
0.348849,0.337763,OB,S10,A1000000,D1,R1000,MetaMix
0.350842,0.339539,OB,S10,A1000000,D1,R150,MetaMix
0.348835,0.338121,OB,S10,A1000000,D1,R300,MetaMix
0.3512,0.340162,OB,S10,A1000000,D1,R75,MetaMix
0.549514,0.396726,OB,S10,A1000000,D1,R1000,MetaPhlan2
0.513323,0.372851,OB,S10,A1000000,D1,R150,MetaPhlan2
0.529384,0.383572,OB,S10,A1000000,D1,R300,MetaPhlan2
0.384341,0.266236,OB,S10,A1000000,D1,R75,MetaPhlan2
0.349312,0.338233,OB,S10,A1000000,D1,R1000,PathoScope2
0.350786,0.339457,OB,S10,A1000000,D1,R150,PathoScope2
0.349053,0.338301,OB,S10,A1000000,D1,R300,PathoScope2
0.350671,0.339607,OB,S10,A1000000,D1,R75,PathoScope2
0.540038,0.436996,OB,S10,A1000000,D1,R1000,Sigma
0.419877,0.348968,OB,S10,A1000000,D1,R150,Sigma
0.504434,0.412499,OB,S10,A1000000,D1,R300,Sigma
0.360486,0.303438,OB,S10,A1000000,D1,R75,Sigma
0.5208,0.457364,OB,S10,A1000000,D1,R1000,Taxator
0.597579,0.533572,OB,S10,A1000000,D1,R150,Taxator
0.549225,0.481922,OB,S10,A1000000,D1,R300,Taxator
0.683918,0.650651,OB,S10,A1000000,D1,R75,Taxator
0.519077,0.429908,OB,S10,A1000000,D10,R1000,Centrifuge
0.507626,0.423554,OB,S10,A1000000,D10,R150,Centrifuge
0.639067,0.487766,OB,S10,A1000000,D10,R300,Centrifuge
0.396826,0.356679,OB,S10,A1000000,D10,R75,Centrifuge
1.3992,0.724699,OB,S10,A1000000,D10,R1000,Constrains
1.13295,0.557534,OB,S10,A1000000,D10,R150,Constrains
1.21957,0.619073,OB,S10,A1000000,D10,R300,Constrains
1.10381,0.556738,OB,S10,A1000000,D10,R75,Constrains
0.520518,0.436669,OB,S10,A1000000,D10,R1000,Kraken
0.543006,0.459971,OB,S10,A1000000,D10,R150,Kraken
0.401909,0.326989,OB,S10,A1000000,D10,R300,Kraken
0.57366,0.492337,OB,S10,A1000000,D10,R75,Kraken
0.531682,0.40854,OB,S10,A1000000,D10,R1000,MetaMix
0.337641,0.295172,OB,S10,A1000000,D10,R150,MetaMix
0.564882,0.454907,OB,S10,A1000000,D10,R300,MetaMix
0.335776,0.295006,OB,S10,A1000000,D10,R75,MetaMix
0.556055,0.281232,OB,S10,A1000000,D10,R1000,MetaPhlan2
0.423867,0.259619,OB,S10,A1000000,D10,R150,MetaPhlan2
0.408722,0.240977,OB,S10,A1000000,D10,R300,MetaPhlan2
0.428089,0.26913,OB,S10,A1000000,D10,R75,MetaPhlan2
0.474963,0.406352,OB,S10,A1000000,D10,R1000,PathoScope2
0.474548,0.406261,OB,S10,A1000000,D10,R150,PathoScope2
0.337589,0.294499,OB,S10,A1000000,D10,R300,PathoScope2
0.473874,0.40553,OB,S10,A1000000,D10,R75,PathoScope2
0.815284,0.571976,OB,S10,A1000000,D10,R1000,Sigma
0.65286,0.407219,OB,S10,A1000000,D10,R150,Sigma
0.76201,0.521732,OB,S10,A1000000,D10,R300,Sigma
0.587831,0.328456,OB,S10,A1000000,D10,R75,Sigma
0.580122,0.497422,OB,S10,A1000000,D10,R1000,Taxator
0.635053,0.556962,OB,S10,A1000000,D10,R150,Taxator
0.501893,0.408383,OB,S10,A1000000,D10,R300,Taxator
0.699863,0.642599,OB,S10,A1000000,D10,R75,Taxator
0.368293,0.304548,OB,S10,A1000000,D50,R1000,Centrifuge
0.355929,0.304664,OB,S10,A1000000,D50,R150,Centrifuge
0.370438,0.312101,OB,S10,A1000000,D50,R300,Centrifuge
0.322138,0.285667,OB,S10,A1000000,D50,R75,Centrifuge
0.842763,0.52387,OB,S10,A1000000,D50,R1000,Constrains
0.611974,0.387303,OB,S10,A1000000,D50,R150,Constrains
0.732377,0.452353,OB,S10,A1000000,D50,R300,Constrains
0.616264,0.400523,OB,S10,A1000000,D50,R75,Constrains
0.38727,0.311079,OB,S10,A1000000,D50,R1000,Kraken
0.420646,0.339812,OB,S10,A1000000,D50,R150,Kraken
0.387701,0.311436,OB,S10,A1000000,D50,R300,Kraken
0.468905,0.38626,OB,S10,A1000000,D50,R75,Kraken
0.517733,0.381773,OB,S10,A1000000,D50,R1000,MetaMix
0.310119,0.268652,OB,S10,A1000000,D50,R150,MetaMix
0.30903,0.2679,OB,S10,A1000000,D50,R300,MetaMix
0.309033,0.269263,OB,S10,A1000000,D50,R75,MetaMix
0.390596,0.283442,OB,S10,A1000000,D50,R1000,MetaPhlan2
0.397183,0.29394,OB,S10,A1000000,D50,R150,MetaPhlan2
0.390712,0.284587,OB,S10,A1000000,D50,R300,MetaPhlan2
0.396451,0.289227,OB,S10,A1000000,D50,R75,MetaPhlan2
0.31086,0.269284,OB,S10,A1000000,D50,R1000,PathoScope2
0.310208,0.26861,OB,S10,A1000000,D50,R150,PathoScope2
0.309202,0.268114,OB,S10,A1000000,D50,R300,PathoScope2
0.309764,0.268783,OB,S10,A1000000,D50,R75,PathoScope2
0.667875,0.540326,OB,S10,A1000000,D50,R1000,Sigma
0.488104,0.383442,OB,S10,A1000000,D50,R150,Sigma
0.611408,0.492022,OB,S10,A1000000,D50,R300,Sigma
0.407746,0.311124,OB,S10,A1000000,D50,R75,Sigma
0.360458,0.308516,OB,S10,A1000000,D50,R1000,Taxator
0.454432,0.383079,OB,S10,A1000000,D50,R150,Taxator
0.396759,0.334694,OB,S10,A1000000,D50,R300,Taxator
0.560962,0.496144,OB,S10,A1000000,D50,R75,Taxator
0.416162,0.358094,OB,S10,A1000000,D100,R1000,Centrifuge
0.405567,0.341206,OB,S10,A1000000,D100,R150,Centrifuge
0.417958,0.354306,OB,S10,A1000000,D100,R300,Centrifuge
0.369847,0.31965,OB,S10,A1000000,D100,R75,Centrifuge
0.561364,0.361635,OB,S10,A1000000,D100,R1000,Constrains
0.505658,0.3441,OB,S10,A1000000,D100,R150,Constrains
0.522565,0.349027,OB,S10,A1000000,D100,R300,Constrains
0.485618,0.340946,OB,S10,A1000000,D100,R75,Constrains
0.398308,0.320401,OB,S10,A1000000,D100,R1000,Kraken
0.430187,0.35359,OB,S10,A1000000,D100,R150,Kraken
0.40072,0.322489,OB,S10,A1000000,D100,R300,Kraken
0.477345,0.405521,OB,S10,A1000000,D100,R75,Kraken
0.419489,0.314654,OB,S10,A1000000,D100,R1000,MetaMix
0.350197,0.286314,OB,S10,A1000000,D100,R150,MetaMix
0.350041,0.285809,OB,S10,A1000000,D100,R300,MetaMix
0.349525,0.28745,OB,S10,A1000000,D100,R75,MetaMix
0.433271,0.323484,OB,S10,A1000000,D100,R1000,MetaPhlan2
0.442077,0.327124,OB,S10,A1000000,D100,R150,MetaPhlan2
0.434769,0.322354,OB,S10,A1000000,D100,R300,MetaPhlan2
0.449811,0.327821,OB,S10,A1000000,D100,R75,MetaPhlan2
0.349905,0.28531,OB,S10,A1000000,D100,R1000,PathoScope2
0.350563,0.286418,OB,S10,A1000000,D100,R150,PathoScope2
0.350661,0.286241,OB,S10,A1000000,D100,R300,PathoScope2
0.351647,0.287103,OB,S10,A1000000,D100,R75,PathoScope2
1.02415,0.723353,OB,S10,A1000000,D100,R1000,Sigma
0.774772,0.489337,OB,S10,A1000000,D100,R150,Sigma
0.942879,0.648933,OB,S10,A1000000,D100,R300,Sigma
0.674544,0.393602,OB,S10,A1000000,D100,R75,Sigma
0.464286,0.378836,OB,S10,A1000000,D100,R1000,Taxator
0.536458,0.464704,OB,S10,A1000000,D100,R150,Taxator
0.49371,0.410303,OB,S10,A1000000,D100,R300,Taxator
0.624025,0.565829,OB,S10,A1000000,D100,R75,Taxator
0.489726,0.446391,OB,S10,A10000000,D1,R1000,Centrifuge
0.483341,0.448606,OB,S10,A10000000,D1,R150,Centrifuge
0.493065,0.454834,OB,S10,A10000000,D1,R300,Centrifuge
0.46472,0.430793,OB,S10,A10000000,D1,R75,Centrifuge
1.2277,0.698564,OB,S10,A10000000,D1,R1000,Constrains
1.00669,0.562178,OB,S10,A10000000,D1,R150,Constrains
1.0939,0.619635,OB,S10,A10000000,D1,R300,Constrains
0.951526,0.531037,OB,S10,A10000000,D1,R75,Constrains
0.451558,0.405814,OB,S10,A10000000,D1,R1000,Kraken
0.48036,0.430308,OB,S10,A10000000,D1,R150,Kraken
0.452047,0.405888,OB,S10,A10000000,D1,R300,Kraken
0.523506,0.46918,OB,S10,A10000000,D1,R75,Kraken
0.572821,0.402103,OB,S10,A10000000,D1,R1000,MetaPhlan2
0.414902,0.284534,OB,S10,A10000000,D1,R150,MetaPhlan2
0.429013,0.29134,OB,S10,A10000000,D1,R300,MetaPhlan2
0.402397,0.278703,OB,S10,A10000000,D1,R75,MetaPhlan2
0.368425,0.352301,OB,S10,A10000000,D1,R1000,PathoScope2
0.368403,0.352102,OB,S10,A10000000,D1,R150,PathoScope2
0.367803,0.351457,OB,S10,A10000000,D1,R300,PathoScope2
0.36799,0.35193,OB,S10,A10000000,D1,R75,PathoScope2
0.53314,0.430247,OB,S10,A10000000,D1,R1000,Sigma
0.418933,0.347957,OB,S10,A10000000,D1,R150,Sigma
0.49952,0.406193,OB,S10,A10000000,D1,R300,Sigma
0.36224,0.305458,OB,S10,A10000000,D1,R75,Sigma
0.541204,0.47692,OB,S10,A10000000,D1,R1000,Taxator
0.616026,0.562396,OB,S10,A10000000,D1,R150,Taxator
0.569344,0.500496,OB,S10,A10000000,D1,R300,Taxator
0.700344,0.671669,OB,S10,A10000000,D1,R75,Taxator
0.399964,0.321029,OB,S10,A10000000,D10,R1000,Centrifuge
0.386123,0.315981,OB,S10,A10000000,D10,R150,Centrifuge
0.399889,0.32409,OB,S10,A10000000,D10,R300,Centrifuge
0.363359,0.304734,OB,S10,A10000000,D10,R75,Centrifuge
0.685366,0.371109,OB,S10,A10000000,D10,R1000,Constrains
0.494677,0.306138,OB,S10,A10000000,D10,R150,Constrains
0.545223,0.306326,OB,S10,A10000000,D10,R300,Constrains
0.477858,0.307713,OB,S10,A10000000,D10,R75,Constrains
0.399921,0.326873,OB,S10,A10000000,D10,R1000,Kraken
0.429732,0.350421,OB,S10,A10000000,D10,R150,Kraken
0.401453,0.327924,OB,S10,A10000000,D10,R300,Kraken
0.468827,0.383466,OB,S10,A10000000,D10,R75,Kraken
0.389534,0.281289,OB,S10,A10000000,D10,R1000,MetaPhlan2
0.424026,0.290869,OB,S10,A10000000,D10,R150,MetaPhlan2
0.405653,0.286423,OB,S10,A10000000,D10,R300,MetaPhlan2
0.428356,0.289163,OB,S10,A10000000,D10,R75,MetaPhlan2
0.336363,0.295453,OB,S10,A10000000,D10,R1000,PathoScope2
0.336561,0.29542,OB,S10,A10000000,D10,R150,PathoScope2
0.336927,0.295866,OB,S10,A10000000,D10,R300,PathoScope2
0.336861,0.295683,OB,S10,A10000000,D10,R75,PathoScope2
0.776086,0.557087,OB,S10,A10000000,D10,R1000,Sigma
0.584152,0.391858,OB,S10,A10000000,D10,R150,Sigma
0.71988,0.508703,OB,S10,A10000000,D10,R300,Sigma
0.494228,0.316789,OB,S10,A10000000,D10,R75,Sigma
0.475402,0.387374,OB,S10,A10000000,D10,R1000,Taxator
0.541551,0.446232,OB,S10,A10000000,D10,R150,Taxator
0.503152,0.410349,OB,S10,A10000000,D10,R300,Taxator
0.617329,0.534278,OB,S10,A10000000,D10,R75,Taxator
0.418012,0.361083,OB,S10,A10000000,D50,R1000,Centrifuge
0.407569,0.348787,OB,S10,A10000000,D50,R150,Centrifuge
0.421194,0.358197,OB,S10,A10000000,D50,R300,Centrifuge
0.374191,0.328313,OB,S10,A10000000,D50,R75,Centrifuge
0.709066,0.446997,OB,S10,A10000000,D50,R1000,Constrains
0.566105,0.372397,OB,S10,A10000000,D50,R150,Constrains
0.600871,0.377492,OB,S10,A10000000,D50,R300,Constrains
0.542797,0.370474,OB,S10,A10000000,D50,R75,Constrains
0.398691,0.326601,OB,S10,A10000000,D50,R1000,Kraken
0.431074,0.358771,OB,S10,A10000000,D50,R150,Kraken
0.400512,0.328044,OB,S10,A10000000,D50,R300,Kraken
0.478645,0.410341,OB,S10,A10000000,D50,R75,Kraken
0.390471,0.28653,OB,S10,A10000000,D50,R1000,MetaPhlan2
0.416959,0.311322,OB,S10,A10000000,D50,R150,MetaPhlan2
0.402637,0.300352,OB,S10,A10000000,D50,R300,MetaPhlan2
0.419157,0.309149,OB,S10,A10000000,D50,R75,MetaPhlan2
0.344938,0.290309,OB,S10,A10000000,D50,R1000,PathoScope2
0.345882,0.29109,OB,S10,A10000000,D50,R150,PathoScope2
0.345262,0.29054,OB,S10,A10000000,D50,R300,PathoScope2
0.345943,0.291429,OB,S10,A10000000,D50,R75,PathoScope2
1.09525,0.754803,OB,S10,A10000000,D50,R1000,Sigma
0.8209,0.504489,OB,S10,A10000000,D50,R150,Sigma
1.00813,0.677192,OB,S10,A10000000,D50,R300,Sigma
0.700574,0.403184,OB,S10,A10000000,D50,R75,Sigma
0.468065,0.386461,OB,S10,A10000000,D50,R1000,Taxator
0.541033,0.470368,OB,S10,A10000000,D50,R150,Taxator
0.497323,0.416644,OB,S10,A10000000,D50,R300,Taxator
0.628909,0.573876,OB,S10,A10000000,D50,R75,Taxator
0.415538,0.357497,OB,S10,A10000000,D100,R1000,Centrifuge
0.406631,0.342181,OB,S10,A10000000,D100,R150,Centrifuge
0.418947,0.354664,OB,S10,A10000000,D100,R300,Centrifuge
0.3693,0.318949,OB,S10,A10000000,D100,R75,Centrifuge
0.556182,0.355582,OB,S10,A10000000,D100,R1000,Constrains
0.498784,0.344768,OB,S10,A10000000,D100,R150,Constrains
0.512484,0.343889,OB,S10,A10000000,D100,R300,Constrains
0.491092,0.347521,OB,S10,A10000000,D100,R75,Constrains
0.398804,0.320746,OB,S10,A10000000,D100,R1000,Kraken
0.430453,0.353371,OB,S10,A10000000,D100,R150,Kraken
0.400791,0.322412,OB,S10,A10000000,D100,R300,Kraken
0.477531,0.405238,OB,S10,A10000000,D100,R75,Kraken
0.424848,0.315969,OB,S10,A10000000,D100,R1000,MetaPhlan2
0.441876,0.325247,OB,S10,A10000000,D100,R150,MetaPhlan2
0.43295,0.319308,OB,S10,A10000000,D100,R300,MetaPhlan2
0.441455,0.32209,OB,S10,A10000000,D100,R75,MetaPhlan2
0.350878,0.286263,OB,S10,A10000000,D100,R1000,PathoScope2
0.350305,0.285748,OB,S10,A10000000,D100,R150,PathoScope2
0.351294,0.286698,OB,S10,A10000000,D100,R300,PathoScope2
0.35097,0.286317,OB,S10,A10000000,D100,R75,PathoScope2
1.02387,0.722994,OB,S10,A10000000,D100,R1000,Sigma
0.774132,0.489423,OB,S10,A10000000,D100,R150,Sigma
0.944608,0.651371,OB,S10,A10000000,D100,R300,Sigma
0.674437,0.391601,OB,S10,A10000000,D100,R75,Sigma
0.465182,0.379874,OB,S10,A10000000,D100,R1000,Taxator
0.536272,0.464121,OB,S10,A10000000,D100,R150,Taxator
0.494223,0.410924,OB,S10,A10000000,D100,R300,Taxator
0.623612,0.565729,OB,S10,A10000000,D100,R75,Taxator
0.562195,0.518404,OB,S100,A100000,D1,R1000,Centrifuge
0.556091,0.514117,OB,S100,A100000,D1,R150,Centrifuge
0.555263,0.508076,OB,S100,A100000,D1,R300,Centrifuge
0.543433,0.49765,OB,S100,A100000,D1,R75,Centrifuge
1.15071,0.393515,OB,S100,A100000,D1,R1000,Constrains
2.12064,0.697335,OB,S100,A100000,D1,R150,Constrains
1.85906,0.53338,OB,S100,A100000,D1,R300,Constrains
2.43192,0.754498,OB,S100,A100000,D1,R75,Constrains
0.486111,0.431022,OB,S100,A100000,D1,R1000,Kraken
0.504211,0.448783,OB,S100,A100000,D1,R150,Kraken
0.476648,0.422889,OB,S100,A100000,D1,R300,Kraken
0.51236,0.447926,OB,S100,A100000,D1,R75,Kraken
0.460355,0.385515,OB,S100,A100000,D1,R1000,MetaMix
0.474007,0.400457,OB,S100,A100000,D1,R150,MetaMix
0.506666,0.418143,OB,S100,A100000,D1,R300,MetaMix
0.528221,0.438872,OB,S100,A100000,D1,R75,MetaMix
0.62427,0.272843,OB,S100,A100000,D1,R1000,MetaPhlan2
0.942649,0.327363,OB,S100,A100000,D1,R150,MetaPhlan2
0.884579,0.312957,OB,S100,A100000,D1,R300,MetaPhlan2
1.09166,0.347122,OB,S100,A100000,D1,R75,MetaPhlan2
0.836466,0.750785,OB,S100,A100000,D1,R1000,PathoScope2
0.457997,0.411759,OB,S100,A100000,D1,R150,PathoScope2
0.445717,0.395804,OB,S100,A100000,D1,R300,PathoScope2
0.532933,0.458774,OB,S100,A100000,D1,R75,PathoScope2
0.469817,0.368163,OB,S100,A100000,D1,R1000,Sigma
0.435633,0.3337,OB,S100,A100000,D1,R150,Sigma
0.447695,0.347239,OB,S100,A100000,D1,R300,Sigma
0.407929,0.311126,OB,S100,A100000,D1,R75,Sigma
0.65833,0.587585,OB,S100,A100000,D1,R1000,Taxator
0.715071,0.646139,OB,S100,A100000,D1,R150,Taxator
0.681965,0.610926,OB,S100,A100000,D1,R300,Taxator
0.762192,0.701287,OB,S100,A100000,D1,R75,Taxator
0.511105,0.432943,OB,S100,A100000,D10,R1000,Centrifuge
0.521084,0.433993,OB,S100,A100000,D10,R150,Centrifuge
0.509401,0.429611,OB,S100,A100000,D10,R300,Centrifuge
0.555977,0.439083,OB,S100,A100000,D10,R75,Centrifuge
2.7168,1.3042,OB,S100,A100000,D10,R1000,Constrains
4.7576,1.83705,OB,S100,A100000,D10,R150,Constrains
3.91239,1.71061,OB,S100,A100000,D10,R300,Constrains
2.85657,1.35761,OB,S100,A100000,D10,R75,Constrains
0.465512,0.359476,OB,S100,A100000,D10,R1000,Kraken
0.485418,0.371752,OB,S100,A100000,D10,R150,Kraken
0.461899,0.355652,OB,S100,A100000,D10,R300,Kraken
0.507421,0.392215,OB,S100,A100000,D10,R75,Kraken
0.471083,0.335198,OB,S100,A100000,D10,R1000,MetaMix
0.44986,0.319015,OB,S100,A100000,D10,R150,MetaMix
0.430413,0.307391,OB,S100,A100000,D10,R300,MetaMix
0.412337,0.292415,OB,S100,A100000,D10,R75,MetaMix
1.2779,0.736922,OB,S100,A100000,D10,R1000,MetaPhlan2
2.24198,0.901426,OB,S100,A100000,D10,R150,MetaPhlan2
1.81606,0.874283,OB,S100,A100000,D10,R300,MetaPhlan2
1.28338,0.670891,OB,S100,A100000,D10,R75,MetaPhlan2
0.852478,0.76113,OB,S100,A100000,D10,R1000,PathoScope2
0.72371,0.59448,OB,S100,A100000,D10,R150,PathoScope2
0.523477,0.388026,OB,S100,A100000,D10,R300,PathoScope2
0.416579,0.299037,OB,S100,A100000,D10,R75,PathoScope2
0.66758,0.381635,OB,S100,A100000,D10,R1000,Sigma
0.628928,0.358448,OB,S100,A100000,D10,R150,Sigma
0.646798,0.366591,OB,S100,A100000,D10,R300,Sigma
0.597969,0.33422,OB,S100,A100000,D10,R75,Sigma
0.627256,0.526748,OB,S100,A100000,D10,R1000,Taxator
0.690209,0.609935,OB,S100,A100000,D10,R150,Taxator
0.653226,0.560809,OB,S100,A100000,D10,R300,Taxator
0.728347,0.663922,OB,S100,A100000,D10,R75,Taxator
0.557968,0.441737,OB,S100,A100000,D50,R1000,Centrifuge
0.590204,0.4563,OB,S100,A100000,D50,R150,Centrifuge
0.562176,0.449115,OB,S100,A100000,D50,R300,Centrifuge
0.629436,0.462615,OB,S100,A100000,D50,R75,Centrifuge
3.23233,1.30928,OB,S100,A100000,D50,R1000,Constrains
2.71021,1.19023,OB,S100,A100000,D50,R150,Constrains
2.79038,1.11805,OB,S100,A100000,D50,R300,Constrains
2.73463,1.19093,OB,S100,A100000,D50,R75,Constrains
0.494157,0.37433,OB,S100,A100000,D50,R1000,Kraken
0.521059,0.397272,OB,S100,A100000,D50,R150,Kraken
0.488362,0.379478,OB,S100,A100000,D50,R300,Kraken
0.55017,0.416124,OB,S100,A100000,D50,R75,Kraken
0.514201,0.369322,OB,S100,A100000,D50,R1000,MetaMix
0.514866,0.366252,OB,S100,A100000,D50,R150,MetaMix
0.468717,0.342715,OB,S100,A100000,D50,R300,MetaMix
0.583438,0.424928,OB,S100,A100000,D50,R75,MetaMix
1.5198,0.73998,OB,S100,A100000,D50,R1000,MetaPhlan2
1.22244,0.618667,OB,S100,A100000,D50,R150,MetaPhlan2
1.28077,0.619617,OB,S100,A100000,D50,R300,MetaPhlan2
1.22498,0.615022,OB,S100,A100000,D50,R75,MetaPhlan2
0.50094,0.350943,OB,S100,A100000,D50,R1000,PathoScope2
0.60718,0.4444,OB,S100,A100000,D50,R150,PathoScope2
0.599572,0.438937,OB,S100,A100000,D50,R300,PathoScope2
0.6159,0.445278,OB,S100,A100000,D50,R75,PathoScope2
0.694035,0.384254,OB,S100,A100000,D50,R1000,Sigma
0.644468,0.354917,OB,S100,A100000,D50,R150,Sigma
0.671421,0.374002,OB,S100,A100000,D50,R300,Sigma
0.620119,0.340522,OB,S100,A100000,D50,R75,Sigma
0.64194,0.528435,OB,S100,A100000,D50,R1000,Taxator
0.698872,0.613489,OB,S100,A100000,D50,R150,Taxator
0.660665,0.558996,OB,S100,A100000,D50,R300,Taxator
0.733268,0.670174,OB,S100,A100000,D50,R75,Taxator
0.498853,0.42008,OB,S100,A100000,D100,R1000,Centrifuge
0.525357,0.430528,OB,S100,A100000,D100,R150,Centrifuge
0.502892,0.419483,OB,S100,A100000,D100,R300,Centrifuge
0.547859,0.428167,OB,S100,A100000,D100,R75,Centrifuge
5.93067,2.27628,OB,S100,A100000,D100,R1000,Constrains
3.14589,1.61375,OB,S100,A100000,D100,R150,Constrains
3.60437,1.78129,OB,S100,A100000,D100,R300,Constrains
3.67701,1.81668,OB,S100,A100000,D100,R75,Constrains
0.472413,0.360135,OB,S100,A100000,D100,R1000,Kraken
0.497863,0.378061,OB,S100,A100000,D100,R150,Kraken
0.475051,0.361657,OB,S100,A100000,D100,R300,Kraken
0.515244,0.398702,OB,S100,A100000,D100,R75,Kraken
0.421033,0.297154,OB,S100,A100000,D100,R1000,MetaMix
0.435321,0.304452,OB,S100,A100000,D100,R150,MetaMix
0.423813,0.299613,OB,S100,A100000,D100,R300,MetaMix
0.424393,0.30352,OB,S100,A100000,D100,R75,MetaMix
2.84823,1.21878,OB,S100,A100000,D100,R1000,MetaPhlan2
1.42868,0.830024,OB,S100,A100000,D100,R150,MetaPhlan2
1.65933,0.921389,OB,S100,A100000,D100,R300,MetaPhlan2
1.67737,0.913746,OB,S100,A100000,D100,R75,MetaPhlan2
0.832484,0.733576,OB,S100,A100000,D100,R1000,PathoScope2
0.421447,0.293728,OB,S100,A100000,D100,R150,PathoScope2
0.412437,0.287861,OB,S100,A100000,D100,R300,PathoScope2
0.4199,0.298387,OB,S100,A100000,D100,R75,PathoScope2
0.742281,0.415559,OB,S100,A100000,D100,R1000,Sigma
0.691248,0.384504,OB,S100,A100000,D100,R150,Sigma
0.72569,0.409667,OB,S100,A100000,D100,R300,Sigma
0.639645,0.358437,OB,S100,A100000,D100,R75,Sigma
0.625147,0.515139,OB,S100,A100000,D100,R1000,Taxator
0.684174,0.598437,OB,S100,A100000,D100,R150,Taxator
0.653156,0.551487,OB,S100,A100000,D100,R300,Taxator
0.721234,0.656513,OB,S100,A100000,D100,R75,Taxator
0.558363,0.509207,OB,S100,A1000000,D1,R1000,Centrifuge
0.558632,0.517154,OB,S100,A1000000,D1,R150,Centrifuge
0.560037,0.511965,OB,S100,A1000000,D1,R300,Centrifuge
0.560805,0.512276,OB,S100,A1000000,D1,R75,Centrifuge
4.12201,2.12114,OB,S100,A1000000,D1,R1000,Constrains
3.30564,1.75322,OB,S100,A1000000,D1,R150,Constrains
3.52214,1.86246,OB,S100,A1000000,D1,R300,Constrains
3.89967,1.93738,OB,S100,A1000000,D1,R75,Constrains
0.48686,0.43433,OB,S100,A1000000,D1,R1000,Kraken
0.504676,0.448265,OB,S100,A1000000,D1,R150,Kraken
0.485939,0.432943,OB,S100,A1000000,D1,R300,Kraken
0.520079,0.457737,OB,S100,A1000000,D1,R75,Kraken
0.459693,0.400374,OB,S100,A1000000,D1,R1000,MetaMix
0.444215,0.390139,OB,S100,A1000000,D1,R150,MetaMix
0.487253,0.424548,OB,S100,A1000000,D1,R300,MetaMix
0.469584,0.409259,OB,S100,A1000000,D1,R75,MetaMix
1.85944,1.0324,OB,S100,A1000000,D1,R1000,MetaPhlan2
1.45724,0.852824,OB,S100,A1000000,D1,R150,MetaPhlan2
1.56075,0.907502,OB,S100,A1000000,D1,R300,MetaPhlan2
1.76825,0.96707,OB,S100,A1000000,D1,R75,MetaPhlan2
0.861923,0.778476,OB,S100,A1000000,D1,R1000,PathoScope2
0.488658,0.424528,OB,S100,A1000000,D1,R150,PathoScope2
0.45894,0.405952,OB,S100,A1000000,D1,R300,PathoScope2
0.501181,0.432139,OB,S100,A1000000,D1,R75,PathoScope2
0.467765,0.363339,OB,S100,A1000000,D1,R1000,Sigma
0.439723,0.339237,OB,S100,A1000000,D1,R150,Sigma
0.455133,0.3534,OB,S100,A1000000,D1,R300,Sigma
0.418297,0.318204,OB,S100,A1000000,D1,R75,Sigma
0.657742,0.58642,OB,S100,A1000000,D1,R1000,Taxator
0.717864,0.649457,OB,S100,A1000000,D1,R150,Taxator
0.681175,0.610076,OB,S100,A1000000,D1,R300,Taxator
0.764914,0.7042,OB,S100,A1000000,D1,R75,Taxator
0.555842,0.444041,OB,S100,A1000000,D10,R1000,Centrifuge
0.591079,0.45833,OB,S100,A1000000,D10,R150,Centrifuge
0.536344,0.424785,OB,S100,A1000000,D10,R300,Centrifuge
0.590427,0.444124,OB,S100,A1000000,D10,R75,Centrifuge
3.09709,1.67582,OB,S100,A1000000,D10,R1000,Constrains
2.76741,1.51369,OB,S100,A1000000,D10,R150,Constrains
2.77875,1.53001,OB,S100,A1000000,D10,R300,Constrains
2.78091,1.52235,OB,S100,A1000000,D10,R75,Constrains
0.50968,0.373148,OB,S100,A1000000,D10,R1000,Kraken
0.58286,0.409833,OB,S100,A1000000,D10,R150,Kraken
0.508638,0.37272,OB,S100,A1000000,D10,R300,Kraken
0.524189,0.384691,OB,S100,A1000000,D10,R75,Kraken
0.503106,0.35835,OB,S100,A1000000,D10,R1000,MetaMix
0.489732,0.350922,OB,S100,A1000000,D10,R150,MetaMix
0.496418,0.345622,OB,S100,A1000000,D10,R300,MetaMix
0.499369,0.354904,OB,S100,A1000000,D10,R75,MetaMix
1.36444,0.8493,OB,S100,A1000000,D10,R1000,MetaPhlan2
1.21268,0.77683,OB,S100,A1000000,D10,R150,MetaPhlan2
1.21276,0.781087,OB,S100,A1000000,D10,R300,MetaPhlan2
1.2174,0.775102,OB,S100,A1000000,D10,R75,MetaPhlan2
0.761049,0.640887,OB,S100,A1000000,D10,R1000,PathoScope2
0.515813,0.350878,OB,S100,A1000000,D10,R150,PathoScope2
0.48748,0.332043,OB,S100,A1000000,D10,R300,PathoScope2
0.578679,0.41227,OB,S100,A1000000,D10,R75,PathoScope2
0.718985,0.403704,OB,S100,A1000000,D10,R1000,Sigma
0.672028,0.372489,OB,S100,A1000000,D10,R150,Sigma
0.704728,0.392411,OB,S100,A1000000,D10,R300,Sigma
0.64322,0.351239,OB,S100,A1000000,D10,R75,Sigma
0.628495,0.502609,OB,S100,A1000000,D10,R1000,Taxator
0.677268,0.580998,OB,S100,A1000000,D10,R150,Taxator
0.651341,0.5345,OB,S100,A1000000,D10,R300,Taxator
0.711722,0.640907,OB,S100,A1000000,D10,R75,Taxator
0.978385,0.525326,OB,S100,A1000000,D50,R1000,Centrifuge
1.02034,0.524954,OB,S100,A1000000,D50,R150,Centrifuge
0.975903,0.524048,OB,S100,A1000000,D50,R300,Centrifuge
1.0422,0.519072,OB,S100,A1000000,D50,R75,Centrifuge
2.62904,1.40542,OB,S100,A1000000,D50,R1000,Constrains
2.3464,1.28535,OB,S100,A1000000,D50,R150,Constrains
2.41573,1.29956,OB,S100,A1000000,D50,R300,Constrains
2.35555,1.28832,OB,S100,A1000000,D50,R75,Constrains
0.777971,0.430172,OB,S100,A1000000,D50,R1000,Kraken
0.793742,0.450874,OB,S100,A1000000,D50,R150,Kraken
0.774587,0.432193,OB,S100,A1000000,D50,R300,Kraken
0.802232,0.469911,OB,S100,A1000000,D50,R75,Kraken
0.802339,0.448596,OB,S100,A1000000,D50,R1000,MetaMix
0.788049,0.427254,OB,S100,A1000000,D50,R150,MetaMix
0.797805,0.447217,OB,S100,A1000000,D50,R300,MetaMix
0.787322,0.43953,OB,S100,A1000000,D50,R75,MetaMix
1.16641,0.751643,OB,S100,A1000000,D50,R1000,MetaPhlan2
1.03637,0.696446,OB,S100,A1000000,D50,R150,MetaPhlan2
1.07074,0.705513,OB,S100,A1000000,D50,R300,MetaPhlan2
1.03998,0.696526,OB,S100,A1000000,D50,R75,MetaPhlan2
0.809121,0.430159,OB,S100,A1000000,D50,R1000,PathoScope2
0.697075,0.305483,OB,S100,A1000000,D50,R150,PathoScope2
0.682672,0.302735,OB,S100,A1000000,D50,R300,PathoScope2
0.704624,0.319104,OB,S100,A1000000,D50,R75,PathoScope2
1.21585,0.524885,OB,S100,A1000000,D50,R1000,Sigma
1.12789,0.457302,OB,S100,A1000000,D50,R150,Sigma
1.18557,0.503359,OB,S100,A1000000,D50,R300,Sigma
1.05365,0.430009,OB,S100,A1000000,D50,R75,Sigma
0.851024,0.582909,OB,S100,A1000000,D50,R1000,Taxator
0.845277,0.657154,OB,S100,A1000000,D50,R150,Taxator
0.852313,0.612533,OB,S100,A1000000,D50,R300,Taxator
0.814167,0.704726,OB,S100,A1000000,D50,R75,Taxator
0.501164,0.420141,OB,S100,A1000000,D100,R1000,Centrifuge
0.515318,0.424193,OB,S100,A1000000,D100,R150,Centrifuge
0.502262,0.420457,OB,S100,A1000000,D100,R300,Centrifuge
0.547798,0.427339,OB,S100,A1000000,D100,R75,Centrifuge
3.13978,1.68463,OB,S100,A1000000,D100,R1000,Constrains
2.81822,1.54548,OB,S100,A1000000,D100,R150,Constrains
3.02438,1.63743,OB,S100,A1000000,D100,R300,Constrains
2.96633,1.60374,OB,S100,A1000000,D100,R75,Constrains
0.473739,0.3601,OB,S100,A1000000,D100,R1000,Kraken
0.493362,0.378313,OB,S100,A1000000,D100,R150,Kraken
0.473915,0.360891,OB,S100,A1000000,D100,R300,Kraken
0.513536,0.395696,OB,S100,A1000000,D100,R75,Kraken
0.50559,0.373567,OB,S100,A1000000,D100,R1000,MetaMix
0.436062,0.328489,OB,S100,A1000000,D100,R150,MetaMix
0.493116,0.36917,OB,S100,A1000000,D100,R300,MetaMix
0.51541,0.38485,OB,S100,A1000000,D100,R75,MetaMix
1.38384,0.844022,OB,S100,A1000000,D100,R1000,MetaPhlan2
1.2334,0.792102,OB,S100,A1000000,D100,R150,MetaPhlan2
1.3309,0.833991,OB,S100,A1000000,D100,R300,MetaPhlan2
1.30661,0.819487,OB,S100,A1000000,D100,R75,MetaPhlan2
0.807753,0.702774,OB,S100,A1000000,D100,R1000,PathoScope2
0.444721,0.322539,OB,S100,A1000000,D100,R150,PathoScope2
0.442869,0.321154,OB,S100,A1000000,D100,R300,PathoScope2
0.46714,0.338959,OB,S100,A1000000,D100,R75,PathoScope2
0.741325,0.414565,OB,S100,A1000000,D100,R1000,Sigma
0.686233,0.382259,OB,S100,A1000000,D100,R150,Sigma
0.725772,0.404667,OB,S100,A1000000,D100,R300,Sigma
0.643019,0.358576,OB,S100,A1000000,D100,R75,Sigma
0.626484,0.515326,OB,S100,A1000000,D100,R1000,Taxator
0.682653,0.596583,OB,S100,A1000000,D100,R150,Taxator
0.651165,0.548433,OB,S100,A1000000,D100,R300,Taxator
0.721342,0.656639,OB,S100,A1000000,D100,R75,Taxator
0.556593,0.509946,OB,S100,A10000000,D1,R1000,Centrifuge
0.554627,0.512826,OB,S100,A10000000,D1,R150,Centrifuge
0.558134,0.512883,OB,S100,A10000000,D1,R300,Centrifuge
0.558634,0.510683,OB,S100,A10000000,D1,R75,Centrifuge
4.3065,2.32167,OB,S100,A10000000,D1,R1000,Constrains
3.50195,1.91973,OB,S100,A10000000,D1,R150,Constrains
3.84297,2.09307,OB,S100,A10000000,D1,R300,Constrains
3.50732,1.9069,OB,S100,A10000000,D1,R75,Constrains
0.485794,0.431491,OB,S100,A10000000,D1,R1000,Kraken
0.502355,0.444565,OB,S100,A10000000,D1,R150,Kraken
0.48686,0.432648,OB,S100,A10000000,D1,R300,Kraken
0.520742,0.457411,OB,S100,A10000000,D1,R75,Kraken
1.93413,1.10636,OB,S100,A10000000,D1,R1000,MetaPhlan2
1.54385,0.935483,OB,S100,A10000000,D1,R150,MetaPhlan2
1.70811,1.00918,OB,S100,A10000000,D1,R300,MetaPhlan2
1.54947,0.932087,OB,S100,A10000000,D1,R75,MetaPhlan2
0.85179,0.793541,OB,S100,A10000000,D1,R1000,PathoScope2
0.517441,0.468511,OB,S100,A10000000,D1,R150,PathoScope2
0.492604,0.447885,OB,S100,A10000000,D1,R300,PathoScope2
0.423185,0.39038,OB,S100,A10000000,D1,R75,PathoScope2
0.465145,0.361733,OB,S100,A10000000,D1,R1000,Sigma
0.43699,0.336463,OB,S100,A10000000,D1,R150,Sigma
0.45741,0.355213,OB,S100,A10000000,D1,R300,Sigma
0.418082,0.318213,OB,S100,A10000000,D1,R75,Sigma
0.656183,0.584567,OB,S100,A10000000,D1,R1000,Taxator
0.716765,0.649011,OB,S100,A10000000,D1,R150,Taxator
0.681807,0.611107,OB,S100,A10000000,D1,R300,Taxator
0.764097,0.702789,OB,S100,A10000000,D1,R75,Taxator
0.491957,0.428598,OB,S100,A10000000,D10,R1000,Centrifuge
0.496521,0.432189,OB,S100,A10000000,D10,R150,Centrifuge
0.492388,0.430098,OB,S100,A10000000,D10,R300,Centrifuge
0.521709,0.435102,OB,S100,A10000000,D10,R75,Centrifuge
4.12816,2.12436,OB,S100,A10000000,D10,R1000,Constrains
3.51765,1.87945,OB,S100,A10000000,D10,R150,Constrains
3.68701,1.95993,OB,S100,A10000000,D10,R300,Constrains
3.47194,1.8633,OB,S100,A10000000,D10,R75,Constrains
0.446886,0.350441,OB,S100,A10000000,D10,R1000,Kraken
0.46502,0.366802,OB,S100,A10000000,D10,R150,Kraken
0.447916,0.351357,OB,S100,A10000000,D10,R300,Kraken
0.486518,0.385076,OB,S100,A10000000,D10,R75,Kraken
1.86352,1.0208,OB,S100,A10000000,D10,R1000,MetaPhlan2
1.56065,0.916878,OB,S100,A10000000,D10,R150,MetaPhlan2
1.64221,0.951741,OB,S100,A10000000,D10,R300,MetaPhlan2
1.53829,0.907341,OB,S100,A10000000,D10,R75,MetaPhlan2
0.752539,0.664133,OB,S100,A10000000,D10,R1000,PathoScope2
0.40114,0.319041,OB,S100,A10000000,D10,R150,PathoScope2
0.702214,0.599587,OB,S100,A10000000,D10,R300,PathoScope2
0.400839,0.318602,OB,S100,A10000000,D10,R75,PathoScope2
0.627575,0.365296,OB,S100,A10000000,D10,R1000,Sigma
0.586498,0.341207,OB,S100,A10000000,D10,R150,Sigma
0.616856,0.357646,OB,S100,A10000000,D10,R300,Sigma
0.557777,0.322009,OB,S100,A10000000,D10,R75,Sigma
0.621754,0.526363,OB,S100,A10000000,D10,R1000,Taxator
0.683175,0.605124,OB,S100,A10000000,D10,R150,Taxator
0.648693,0.559054,OB,S100,A10000000,D10,R300,Taxator
0.727067,0.66175,OB,S100,A10000000,D10,R75,Taxator
0.563963,0.429452,OB,S100,A10000000,D50,R1000,Centrifuge
0.578271,0.430324,OB,S100,A10000000,D50,R150,Centrifuge
0.564397,0.429993,OB,S100,A10000000,D50,R300,Centrifuge
0.610995,0.439472,OB,S100,A10000000,D50,R75,Centrifuge
3.05365,1.65785,OB,S100,A10000000,D50,R1000,Constrains
2.70594,1.49774,OB,S100,A10000000,D50,R150,Constrains
2.8228,1.55164,OB,S100,A10000000,D50,R300,Constrains
2.7187,1.50075,OB,S100,A10000000,D50,R75,Constrains
0.520815,0.38825,OB,S100,A10000000,D50,R1000,Kraken
0.537777,0.404583,OB,S100,A10000000,D50,R150,Kraken
0.522773,0.389309,OB,S100,A10000000,D50,R300,Kraken
0.558069,0.423235,OB,S100,A10000000,D50,R75,Kraken
1.34236,0.84257,OB,S100,A10000000,D50,R1000,MetaPhlan2
1.17917,0.76728,OB,S100,A10000000,D50,R150,MetaPhlan2
1.23354,0.794035,OB,S100,A10000000,D50,R300,MetaPhlan2
1.18586,0.765707,OB,S100,A10000000,D50,R75,MetaPhlan2
0.826457,0.721717,OB,S100,A10000000,D50,R1000,PathoScope2
0.477302,0.347889,OB,S100,A10000000,D50,R150,PathoScope2
0.674659,0.542959,OB,S100,A10000000,D50,R300,PathoScope2
0.478399,0.348878,OB,S100,A10000000,D50,R75,PathoScope2
0.83743,0.4305,OB,S100,A10000000,D50,R1000,Sigma
2.70842,1.32546,OB,S100,A10000000,D50,R150,Sigma
0.819186,0.420124,OB,S100,A10000000,D50,R300,Sigma
2.12308,1.17054,OB,S100,A10000000,D50,R75,Sigma
0.643727,0.530491,OB,S100,A10000000,D50,R1000,Taxator
0.691413,0.601757,OB,S100,A10000000,D50,R150,Taxator
0.665844,0.558911,OB,S100,A10000000,D50,R300,Taxator
0.725701,0.662735,OB,S100,A10000000,D50,R75,Taxator
0.503119,0.420089,OB,S100,A10000000,D100,R1000,Centrifuge
0.513837,0.423865,OB,S100,A10000000,D100,R150,Centrifuge
0.503566,0.421333,OB,S100,A10000000,D100,R300,Centrifuge
0.54983,0.428407,OB,S100,A10000000,D100,R75,Centrifuge
3.18511,1.73876,OB,S100,A10000000,D100,R1000,Constrains
2.83159,1.56389,OB,S100,A10000000,D100,R150,Constrains
2.95416,1.62056,OB,S100,A10000000,D100,R300,Constrains
2.86485,1.57949,OB,S100,A10000000,D100,R75,Constrains
0.474149,0.360561,OB,S100,A10000000,D100,R1000,Kraken
0.492087,0.3772,OB,S100,A10000000,D100,R150,Kraken
0.475058,0.361398,OB,S100,A10000000,D100,R300,Kraken
0.514099,0.396011,OB,S100,A10000000,D100,R75,Kraken
1.39685,0.8621,OB,S100,A10000000,D100,R1000,MetaPhlan2
1.23404,0.791539,OB,S100,A10000000,D100,R150,MetaPhlan2
1.29037,0.817622,OB,S100,A10000000,D100,R300,MetaPhlan2
1.24984,0.794067,OB,S100,A10000000,D100,R75,MetaPhlan2
0.698221,0.5812,OB,S100,A10000000,D100,R1000,PathoScope2
0.434837,0.326904,OB,S100,A10000000,D100,R150,PathoScope2
0.435,0.327017,OB,S100,A10000000,D100,R300,PathoScope2
0.435559,0.327648,OB,S100,A10000000,D100,R75,PathoScope2
0.727233,0.393089,OB,S100,A10000000,D100,R1000,Sigma
2.87484,1.36485,OB,S100,A10000000,D100,R150,Sigma
0.710536,0.38392,OB,S100,A10000000,D100,R300,Sigma
2.34195,1.22808,OB,S100,A10000000,D100,R75,Sigma
0.626174,0.515585,OB,S100,A10000000,D100,R1000,Taxator
0.682386,0.597,OB,S100,A10000000,D100,R150,Taxator
0.65166,0.548804,OB,S100,A10000000,D100,R300,Taxator
0.722247,0.657813,OB,S100,A10000000,D100,R75,Taxator
0.591623,0.535046,OB,S426,A100000,D1,R1000,Centrifuge
0.583957,0.530482,OB,S426,A100000,D1,R150,Centrifuge
0.591954,0.532647,OB,S426,A100000,D1,R300,Centrifuge
0.576052,0.519931,OB,S426,A100000,D1,R75,Centrifuge
23.0553,2.16782,OB,S426,A100000,D1,R1000,Constrains
27.0904,3.63686,OB,S426,A100000,D1,R150,Constrains
30.0612,3.16162,OB,S426,A100000,D1,R300,Constrains
25.613,2.90469,OB,S426,A100000,D1,R75,Constrains
0.472927,0.414765,OB,S426,A100000,D1,R1000,Kraken
0.473656,0.410472,OB,S426,A100000,D1,R150,Kraken
0.473636,0.416378,OB,S426,A100000,D1,R300,Kraken
0.48562,0.423972,OB,S426,A100000,D1,R75,Kraken
0.613975,0.470499,OB,S426,A100000,D1,R1000,MetaMix
0.653496,0.523879,OB,S426,A100000,D1,R150,MetaMix
0.668147,0.51938,OB,S426,A100000,D1,R300,MetaMix
0.669331,0.539239,OB,S426,A100000,D1,R75,MetaMix
11.4338,1.07901,OB,S426,A100000,D1,R1000,MetaPhlan2
13.4213,1.78212,OB,S426,A100000,D1,R150,MetaPhlan2
14.9151,1.56326,OB,S426,A100000,D1,R300,MetaPhlan2
12.696,1.42747,OB,S426,A100000,D1,R75,MetaPhlan2
0.481134,0.438629,OB,S426,A100000,D1,R1000,PathoScope2
0.448592,0.402413,OB,S426,A100000,D1,R150,PathoScope2
0.458856,0.418623,OB,S426,A100000,D1,R300,PathoScope2
0.45232,0.40935,OB,S426,A100000,D1,R75,PathoScope2
0.382727,0.272275,OB,S426,A100000,D1,R1000,Sigma
0.368792,0.258567,OB,S426,A100000,D1,R150,Sigma
0.387755,0.277002,OB,S426,A100000,D1,R300,Sigma
0.360258,0.253638,OB,S426,A100000,D1,R75,Sigma
0.755497,0.681413,OB,S426,A100000,D1,R1000,Taxator
0.801445,0.733088,OB,S426,A100000,D1,R150,Taxator
0.779609,0.706469,OB,S426,A100000,D1,R300,Taxator
0.832163,0.77215,OB,S426,A100000,D1,R75,Taxator
0.490775,0.432238,OB,S426,A100000,D10,R1000,Centrifuge
0.489016,0.429654,OB,S426,A100000,D10,R150,Centrifuge
0.486007,0.42773,OB,S426,A100000,D10,R300,Centrifuge
0.490542,0.419659,OB,S426,A100000,D10,R75,Centrifuge
26.5393,4.8499,OB,S426,A100000,D10,R1000,Constrains
19.8491,3.92331,OB,S426,A100000,D10,R150,Constrains
21.4005,4.2573,OB,S426,A100000,D10,R300,Constrains
18.2678,4.07358,OB,S426,A100000,D10,R75,Constrains
0.458457,0.349188,OB,S426,A100000,D10,R1000,Kraken
0.46654,0.36213,OB,S426,A100000,D10,R150,Kraken
0.447232,0.343076,OB,S426,A100000,D10,R300,Kraken
0.475946,0.367354,OB,S426,A100000,D10,R75,Kraken
0.831916,0.516052,OB,S426,A100000,D10,R1000,MetaMix
0.583501,0.427776,OB,S426,A100000,D10,R150,MetaMix
0.583729,0.415268,OB,S426,A100000,D10,R300,MetaMix
0.568727,0.421679,OB,S426,A100000,D10,R75,MetaMix
13.1387,2.56842,OB,S426,A100000,D10,R1000,MetaPhlan2
9.80842,2.05004,OB,S426,A100000,D10,R150,MetaPhlan2
8.06206,1.62471,OB,S426,A100000,D10,R300,MetaPhlan2
9.0043,2.07818,OB,S426,A100000,D10,R75,MetaPhlan2
0.558615,0.452666,OB,S426,A100000,D10,R1000,PathoScope2
0.447357,0.35548,OB,S426,A100000,D10,R150,PathoScope2
0.434417,0.339731,OB,S426,A100000,D10,R300,PathoScope2
0.450483,0.355661,OB,S426,A100000,D10,R75,PathoScope2
0.490969,0.256127,OB,S426,A100000,D10,R1000,Sigma
0.463331,0.24486,OB,S426,A100000,D10,R150,Sigma
0.475771,0.246003,OB,S426,A100000,D10,R300,Sigma
0.445218,0.23586,OB,S426,A100000,D10,R75,Sigma
0.734103,0.649623,OB,S426,A100000,D10,R1000,Taxator
0.781062,0.706434,OB,S426,A100000,D10,R150,Taxator
0.758227,0.6752,OB,S426,A100000,D10,R300,Taxator
0.808707,0.746759,OB,S426,A100000,D10,R75,Taxator
0.491149,0.428721,OB,S426,A100000,D50,R1000,Centrifuge
0.488679,0.427698,OB,S426,A100000,D50,R150,Centrifuge
0.503069,0.440907,OB,S426,A100000,D50,R300,Centrifuge
0.485238,0.41894,OB,S426,A100000,D50,R75,Centrifuge
129.377,14.1261,OB,S426,A100000,D50,R1000,Constrains
98.009,11.3716,OB,S426,A100000,D50,R150,Constrains
136.644,14.6807,OB,S426,A100000,D50,R300,Constrains
108.017,12.4327,OB,S426,A100000,D50,R75,Constrains
0.454598,0.356929,OB,S426,A100000,D50,R1000,Kraken
0.455761,0.360753,OB,S426,A100000,D50,R150,Kraken
0.461288,0.365873,OB,S426,A100000,D50,R300,Kraken
0.474017,0.364803,OB,S426,A100000,D50,R75,Kraken
0.51467,0.363536,OB,S426,A100000,D50,R1000,MetaMix
0.529974,0.379718,OB,S426,A100000,D50,R150,MetaMix
0.581921,0.424166,OB,S426,A100000,D50,R300,MetaMix
0.498089,0.348055,OB,S426,A100000,D50,R75,MetaMix
64.365,7.14608,OB,S426,A100000,D50,R1000,MetaPhlan2
48.7429,5.68261,OB,S426,A100000,D50,R150,MetaPhlan2
67.9831,7.31607,OB,S426,A100000,D50,R300,MetaPhlan2
4.95795,1.28407,OB,S426,A100000,D50,R75,MetaPhlan2
0.718704,0.590702,OB,S426,A100000,D50,R1000,PathoScope2
0.492214,0.407515,OB,S426,A100000,D50,R150,PathoScope2
0.451364,0.366256,OB,S426,A100000,D50,R300,PathoScope2
0.448671,0.355396,OB,S426,A100000,D50,R75,PathoScope2
0.502501,0.260873,OB,S426,A100000,D50,R1000,Sigma
0.455993,0.24366,OB,S426,A100000,D50,R150,Sigma
0.492276,0.256655,OB,S426,A100000,D50,R300,Sigma
0.465692,0.240877,OB,S426,A100000,D50,R75,Sigma
0.741891,0.662434,OB,S426,A100000,D50,R1000,Taxator
0.785168,0.713989,OB,S426,A100000,D50,R150,Taxator
0.76664,0.689148,OB,S426,A100000,D50,R300,Taxator
0.815519,0.755239,OB,S426,A100000,D50,R75,Taxator
0.491308,0.430911,OB,S426,A100000,D100,R1000,Centrifuge
0.488963,0.42921,OB,S426,A100000,D100,R150,Centrifuge
0.491917,0.433302,OB,S426,A100000,D100,R300,Centrifuge
0.494674,0.426903,OB,S426,A100000,D100,R75,Centrifuge
50.4203,7.32442,OB,S426,A100000,D100,R1000,Constrains
37.5775,6.00267,OB,S426,A100000,D100,R150,Constrains
34.7971,6.00306,OB,S426,A100000,D100,R300,Constrains
28.7203,5.36165,OB,S426,A100000,D100,R75,Constrains
0.45356,0.353895,OB,S426,A100000,D100,R1000,Kraken
0.445531,0.348387,OB,S426,A100000,D100,R150,Kraken
0.453416,0.359513,OB,S426,A100000,D100,R300,Kraken
0.463531,0.36155,OB,S426,A100000,D100,R75,Kraken
0.604653,0.468313,OB,S426,A100000,D100,R1000,MetaMix
0.678664,0.548839,OB,S426,A100000,D100,R150,MetaMix
0.644894,0.509487,OB,S426,A100000,D100,R300,MetaMix
0.654616,0.521502,OB,S426,A100000,D100,R75,MetaMix
8.94662,1.6806,OB,S426,A100000,D100,R1000,MetaPhlan2
18.6386,3.07103,OB,S426,A100000,D100,R150,MetaPhlan2
8.0108,1.73131,OB,S426,A100000,D100,R300,MetaPhlan2
14.2161,2.72254,OB,S426,A100000,D100,R75,MetaPhlan2
0.48964,0.391247,OB,S426,A100000,D100,R1000,PathoScope2
0.425265,0.342218,OB,S426,A100000,D100,R150,PathoScope2
0.441063,0.357157,OB,S426,A100000,D100,R300,PathoScope2
0.435791,0.350299,OB,S426,A100000,D100,R75,PathoScope2
0.495031,0.251916,OB,S426,A100000,D100,R1000,Sigma
0.453689,0.236322,OB,S426,A100000,D100,R150,Sigma
0.487646,0.251286,OB,S426,A100000,D100,R300,Sigma
0.436415,0.227951,OB,S426,A100000,D100,R75,Sigma
0.74335,0.66264,OB,S426,A100000,D100,R1000,Taxator
0.782893,0.710986,OB,S426,A100000,D100,R150,Taxator
0.760697,0.679771,OB,S426,A100000,D100,R300,Taxator
0.816751,0.758592,OB,S426,A100000,D100,R75,Taxator
0.588142,0.532662,OB,S426,A1000000,D1,R1000,Centrifuge
0.582296,0.528037,OB,S426,A1000000,D1,R150,Centrifuge
0.589347,0.535961,OB,S426,A1000000,D1,R300,Centrifuge
0.575113,0.517347,OB,S426,A1000000,D1,R75,Centrifuge
21.9413,4.60016,OB,S426,A1000000,D1,R1000,Constrains
21.2436,4.92387,OB,S426,A1000000,D1,R150,Constrains
21.5858,4.83506,OB,S426,A1000000,D1,R300,Constrains
18.5889,4.76759,OB,S426,A1000000,D1,R75,Constrains
0.459846,0.403512,OB,S426,A1000000,D1,R1000,Kraken
0.469046,0.407445,OB,S426,A1000000,D1,R150,Kraken
0.461568,0.403694,OB,S426,A1000000,D1,R300,Kraken
0.477611,0.415858,OB,S426,A1000000,D1,R75,Kraken
0.588384,0.497844,OB,S426,A1000000,D1,R1000,MetaMix
0.598652,0.503891,OB,S426,A1000000,D1,R150,MetaMix
0.651363,0.546277,OB,S426,A1000000,D1,R300,MetaMix
0.596547,0.515797,OB,S426,A1000000,D1,R75,MetaMix
10.8382,2.28343,OB,S426,A1000000,D1,R1000,MetaPhlan2
10.4747,2.35368,OB,S426,A1000000,D1,R150,MetaPhlan2
10.6512,2.33081,OB,S426,A1000000,D1,R300,MetaPhlan2
9.14323,2.27703,OB,S426,A1000000,D1,R75,MetaPhlan2
0.458659,0.41537,OB,S426,A1000000,D1,R1000,PathoScope2
0.445786,0.403618,OB,S426,A1000000,D1,R150,PathoScope2
0.444033,0.404812,OB,S426,A1000000,D1,R300,PathoScope2
0.443584,0.402001,OB,S426,A1000000,D1,R75,PathoScope2
0.386715,0.275105,OB,S426,A1000000,D1,R1000,Sigma
0.367741,0.260908,OB,S426,A1000000,D1,R150,Sigma
0.380796,0.27131,OB,S426,A1000000,D1,R300,Sigma
0.354747,0.24897,OB,S426,A1000000,D1,R75,Sigma
0.763651,0.692001,OB,S426,A1000000,D1,R1000,Taxator
0.805003,0.739234,OB,S426,A1000000,D1,R150,Taxator
0.782384,0.712982,OB,S426,A1000000,D1,R300,Taxator
0.837846,0.782392,OB,S426,A1000000,D1,R75,Taxator
0.490178,0.430714,OB,S426,A1000000,D10,R1000,Centrifuge
0.48855,0.430654,OB,S426,A1000000,D10,R150,Centrifuge
0.489142,0.430671,OB,S426,A1000000,D10,R300,Centrifuge
0.493817,0.424494,OB,S426,A1000000,D10,R75,Centrifuge
11.1303,3.41878,OB,S426,A1000000,D10,R1000,Constrains
11.9204,3.576,OB,S426,A1000000,D10,R150,Constrains
11.9663,3.5153,OB,S426,A1000000,D10,R300,Constrains
11.334,3.59775,OB,S426,A1000000,D10,R75,Constrains
0.454584,0.354966,OB,S426,A1000000,D10,R1000,Kraken
0.460738,0.359311,OB,S426,A1000000,D10,R150,Kraken
0.4532,0.352703,OB,S426,A1000000,D10,R300,Kraken
0.469773,0.365224,OB,S426,A1000000,D10,R75,Kraken
0.622712,0.491928,OB,S426,A1000000,D10,R1000,MetaMix
0.582104,0.436867,OB,S426,A1000000,D10,R150,MetaMix
0.576069,0.451061,OB,S426,A1000000,D10,R300,MetaMix
0.586315,0.465318,OB,S426,A1000000,D10,R75,MetaMix
2.97388,1.24582,OB,S426,A1000000,D10,R1000,MetaPhlan2
5.81249,1.71882,OB,S426,A1000000,D10,R150,MetaPhlan2
5.83846,1.69048,OB,S426,A1000000,D10,R300,MetaPhlan2
5.51327,1.72178,OB,S426,A1000000,D10,R75,MetaPhlan2
0.45838,0.365422,OB,S426,A1000000,D10,R1000,PathoScope2
0.443474,0.354277,OB,S426,A1000000,D10,R150,PathoScope2
0.441397,0.350556,OB,S426,A1000000,D10,R300,PathoScope2
0.442048,0.353945,OB,S426,A1000000,D10,R75,PathoScope2
0.478574,0.243288,OB,S426,A1000000,D10,R1000,Sigma
0.458541,0.234082,OB,S426,A1000000,D10,R150,Sigma
0.473251,0.241378,OB,S426,A1000000,D10,R300,Sigma
0.434757,0.218639,OB,S426,A1000000,D10,R75,Sigma
0.740694,0.659878,OB,S426,A1000000,D10,R1000,Taxator
0.78121,0.708006,OB,S426,A1000000,D10,R150,Taxator
0.758884,0.678419,OB,S426,A1000000,D10,R300,Taxator
0.81346,0.754323,OB,S426,A1000000,D10,R75,Taxator
0.491521,0.433147,OB,S426,A1000000,D50,R1000,Centrifuge
0.490999,0.432111,OB,S426,A1000000,D50,R150,Centrifuge
0.492508,0.433897,OB,S426,A1000000,D50,R300,Centrifuge
0.493698,0.424371,OB,S426,A1000000,D50,R75,Centrifuge
25.642,5.35899,OB,S426,A1000000,D50,R1000,Constrains
25.2913,5.73977,OB,S426,A1000000,D50,R150,Constrains
25.1675,5.55969,OB,S426,A1000000,D50,R300,Constrains
24.3917,5.74387,OB,S426,A1000000,D50,R75,Constrains
0.444608,0.349885,OB,S426,A1000000,D50,R1000,Kraken
0.451996,0.355273,OB,S426,A1000000,D50,R150,Kraken
0.442734,0.347559,OB,S426,A1000000,D50,R300,Kraken
0.465024,0.362831,OB,S426,A1000000,D50,R75,Kraken
0.571738,0.43953,OB,S426,A1000000,D50,R1000,MetaMix
0.511712,0.388891,OB,S426,A1000000,D50,R150,MetaMix
0.547453,0.416173,OB,S426,A1000000,D50,R300,MetaMix
0.668875,0.447944,OB,S426,A1000000,D50,R75,MetaMix
12.2124,2.28571,OB,S426,A1000000,D50,R1000,MetaPhlan2
12.4895,2.75824,OB,S426,A1000000,D50,R150,MetaPhlan2
12.4311,2.67438,OB,S426,A1000000,D50,R300,MetaPhlan2
12.0385,2.76485,OB,S426,A1000000,D50,R75,MetaPhlan2
0.4526,0.364276,OB,S426,A1000000,D50,R1000,PathoScope2
0.433294,0.347804,OB,S426,A1000000,D50,R150,PathoScope2
0.429722,0.344347,OB,S426,A1000000,D50,R300,PathoScope2
0.43811,0.351389,OB,S426,A1000000,D50,R75,PathoScope2
0.628462,0.282332,OB,S426,A1000000,D50,R1000,Sigma
0.724454,0.279259,OB,S426,A1000000,D50,R150,Sigma
0.685076,0.287889,OB,S426,A1000000,D50,R300,Sigma
0.708186,0.270542,OB,S426,A1000000,D50,R75,Sigma
0.740482,0.659909,OB,S426,A1000000,D50,R1000,Taxator
0.782956,0.713982,OB,S426,A1000000,D50,R150,Taxator
0.760416,0.682388,OB,S426,A1000000,D50,R300,Taxator
0.814499,0.754826,OB,S426,A1000000,D50,R75,Taxator
0.491998,0.432693,OB,S426,A1000000,D100,R1000,Centrifuge
0.489508,0.432111,OB,S426,A1000000,D100,R150,Centrifuge
0.491341,0.432524,OB,S426,A1000000,D100,R300,Centrifuge
0.493413,0.427355,OB,S426,A1000000,D100,R75,Centrifuge
14.2781,4.09195,OB,S426,A1000000,D100,R1000,Constrains
14.8917,4.15804,OB,S426,A1000000,D100,R150,Constrains
14.7585,4.11422,OB,S426,A1000000,D100,R300,Constrains
13.8079,4.10088,OB,S426,A1000000,D100,R75,Constrains
0.449355,0.352718,OB,S426,A1000000,D100,R1000,Kraken
0.45688,0.35717,OB,S426,A1000000,D100,R150,Kraken
0.451593,0.354338,OB,S426,A1000000,D100,R300,Kraken
0.467228,0.363317,OB,S426,A1000000,D100,R75,Kraken
0.590831,0.460504,OB,S426,A1000000,D100,R1000,MetaMix
0.53123,0.418166,OB,S426,A1000000,D100,R150,MetaMix
0.55649,0.434634,OB,S426,A1000000,D100,R300,MetaMix
0.617331,0.494282,OB,S426,A1000000,D100,R75,MetaMix
6.98613,1.94486,OB,S426,A1000000,D100,R1000,MetaPhlan2
3.32345,1.38965,OB,S426,A1000000,D100,R150,MetaPhlan2
7.2276,1.95219,OB,S426,A1000000,D100,R300,MetaPhlan2
3.39696,1.4217,OB,S426,A1000000,D100,R75,MetaPhlan2
0.452922,0.362966,OB,S426,A1000000,D100,R1000,PathoScope2
0.438044,0.351641,OB,S426,A1000000,D100,R150,PathoScope2
0.438675,0.351838,OB,S426,A1000000,D100,R300,PathoScope2
0.43929,0.352087,OB,S426,A1000000,D100,R75,PathoScope2
0.486177,0.250398,OB,S426,A1000000,D100,R1000,Sigma
0.462707,0.23824,OB,S426,A1000000,D100,R150,Sigma
0.482806,0.24674,OB,S426,A1000000,D100,R300,Sigma
0.442794,0.227864,OB,S426,A1000000,D100,R75,Sigma
0.743354,0.662588,OB,S426,A1000000,D100,R1000,Taxator
0.783427,0.712025,OB,S426,A1000000,D100,R150,Taxator
0.760564,0.679619,OB,S426,A1000000,D100,R300,Taxator
0.814289,0.755293,OB,S426,A1000000,D100,R75,Taxator
0.587019,0.533201,OB,S426,A10000000,D1,R1000,Centrifuge
0.582172,0.529005,OB,S426,A10000000,D1,R150,Centrifuge
0.588148,0.534854,OB,S426,A10000000,D1,R300,Centrifuge
0.575233,0.51795,OB,S426,A10000000,D1,R75,Centrifuge
18.1808,5.64319,OB,S426,A10000000,D1,R1000,Constrains
19.2066,5.48269,OB,S426,A10000000,D1,R150,Constrains
19.3487,5.5962,OB,S426,A10000000,D1,R300,Constrains
17.7753,5.35288,OB,S426,A10000000,D1,R75,Constrains
0.456631,0.398056,OB,S426,A10000000,D1,R1000,Kraken
0.465814,0.405881,OB,S426,A10000000,D1,R150,Kraken
0.45889,0.399856,OB,S426,A10000000,D1,R300,Kraken
0.477699,0.417236,OB,S426,A10000000,D1,R75,Kraken
8.92232,2.68197,OB,S426,A10000000,D1,R1000,MetaPhlan2
9.43906,2.59827,OB,S426,A10000000,D1,R150,MetaPhlan2
9.50926,2.65525,OB,S426,A10000000,D1,R300,MetaPhlan2
8.71984,2.53508,OB,S426,A10000000,D1,R75,MetaPhlan2
0.45057,0.402819,OB,S426,A10000000,D1,R1000,PathoScope2
0.441964,0.401133,OB,S426,A10000000,D1,R150,PathoScope2
0.441903,0.400458,OB,S426,A10000000,D1,R300,PathoScope2
0.443272,0.40246,OB,S426,A10000000,D1,R75,PathoScope2
0.383675,0.272183,OB,S426,A10000000,D1,R1000,Sigma
0.366231,0.260155,OB,S426,A10000000,D1,R150,Sigma
0.379043,0.269942,OB,S426,A10000000,D1,R300,Sigma
0.354144,0.250003,OB,S426,A10000000,D1,R75,Sigma
0.767647,0.698797,OB,S426,A10000000,D1,R1000,Taxator
0.80991,0.7482,OB,S426,A10000000,D1,R150,Taxator
0.786472,0.720404,OB,S426,A10000000,D1,R300,Taxator
0.842066,0.790097,OB,S426,A10000000,D1,R75,Taxator
0.494728,0.434764,OB,S426,A10000000,D10,R1000,Centrifuge
0.49301,0.435103,OB,S426,A10000000,D10,R150,Centrifuge
0.49521,0.435995,OB,S426,A10000000,D10,R300,Centrifuge
0.498079,0.429695,OB,S426,A10000000,D10,R75,Centrifuge
18.7896,5.04576,OB,S426,A10000000,D10,R1000,Constrains
19.9798,5.18864,OB,S426,A10000000,D10,R150,Constrains
19.6625,5.12508,OB,S426,A10000000,D10,R300,Constrains
19.1431,5.20079,OB,S426,A10000000,D10,R75,Constrains
0.4517,0.353948,OB,S426,A10000000,D10,R1000,Kraken
0.460408,0.360153,OB,S426,A10000000,D10,R150,Kraken
0.452893,0.354944,OB,S426,A10000000,D10,R300,Kraken
0.469805,0.366457,OB,S426,A10000000,D10,R75,Kraken
6.42225,1.80276,OB,S426,A10000000,D10,R1000,MetaPhlan2
9.83131,2.47178,OB,S426,A10000000,D10,R150,MetaPhlan2
9.67319,2.43984,OB,S426,A10000000,D10,R300,MetaPhlan2
9.40936,2.47643,OB,S426,A10000000,D10,R75,MetaPhlan2
0.456239,0.363537,OB,S426,A10000000,D10,R1000,PathoScope2
0.441316,0.353137,OB,S426,A10000000,D10,R150,PathoScope2
0.440414,0.352487,OB,S426,A10000000,D10,R300,PathoScope2
0.441002,0.353544,OB,S426,A10000000,D10,R75,PathoScope2
0.492805,0.257881,OB,S426,A10000000,D10,R1000,Sigma
0.489223,0.246295,OB,S426,A10000000,D10,R150,Sigma
0.495292,0.253432,OB,S426,A10000000,D10,R300,Sigma
0.472113,0.238277,OB,S426,A10000000,D10,R75,Sigma
0.746784,0.664668,OB,S426,A10000000,D10,R1000,Taxator
0.78823,0.71887,OB,S426,A10000000,D10,R150,Taxator
0.765904,0.686365,OB,S426,A10000000,D10,R300,Taxator
0.817529,0.759266,OB,S426,A10000000,D10,R75,Taxator
0.485113,0.426087,OB,S426,A10000000,D50,R1000,Centrifuge
0.482605,0.424916,OB,S426,A10000000,D50,R150,Centrifuge
0.485091,0.426789,OB,S426,A10000000,D50,R300,Centrifuge
0.482883,0.417103,OB,S426,A10000000,D50,R75,Centrifuge
20.8633,5.15037,OB,S426,A10000000,D50,R1000,Constrains
22.1255,5.48953,OB,S426,A10000000,D50,R150,Constrains
21.5431,5.31136,OB,S426,A10000000,D50,R300,Constrains
22.6628,5.64001,OB,S426,A10000000,D50,R75,Constrains
0.451372,0.351113,OB,S426,A10000000,D50,R1000,Kraken
0.45853,0.356642,OB,S426,A10000000,D50,R150,Kraken
0.450882,0.350975,OB,S426,A10000000,D50,R300,Kraken
0.468849,0.362643,OB,S426,A10000000,D50,R75,Kraken
10.2787,2.4709,OB,S426,A10000000,D50,R1000,MetaPhlan2
10.3884,2.33954,OB,S426,A10000000,D50,R150,MetaPhlan2
10.6165,2.54841,OB,S426,A10000000,D50,R300,MetaPhlan2
10.759,2.44003,OB,S426,A10000000,D50,R75,MetaPhlan2
0.452824,0.359971,OB,S426,A10000000,D50,R1000,PathoScope2
0.442599,0.351443,OB,S426,A10000000,D50,R150,PathoScope2
0.440682,0.350162,OB,S426,A10000000,D50,R300,PathoScope2
0.443768,0.352177,OB,S426,A10000000,D50,R75,PathoScope2
0.57101,0.286762,OB,S426,A10000000,D50,R1000,Sigma
0.600348,0.272087,OB,S426,A10000000,D50,R150,Sigma
0.592285,0.283771,OB,S426,A10000000,D50,R300,Sigma
0.588045,0.261638,OB,S426,A10000000,D50,R75,Sigma
0.741889,0.661924,OB,S426,A10000000,D50,R1000,Taxator
0.782197,0.71249,OB,S426,A10000000,D50,R150,Taxator
0.760282,0.682376,OB,S426,A10000000,D50,R300,Taxator
0.812009,0.74934,OB,S426,A10000000,D50,R75,Taxator
0.490769,0.431688,OB,S426,A10000000,D100,R1000,Centrifuge
0.488877,0.431331,OB,S426,A10000000,D100,R150,Centrifuge
0.49097,0.432203,OB,S426,A10000000,D100,R300,Centrifuge
0.493514,0.42669,OB,S426,A10000000,D100,R75,Centrifuge
12.2872,3.96503,OB,S426,A10000000,D100,R1000,Constrains
13.9607,4.08486,OB,S426,A10000000,D100,R150,Constrains
13.3316,4.02669,OB,S426,A10000000,D100,R300,Constrains
13.0268,4.04869,OB,S426,A10000000,D100,R75,Constrains
0.448918,0.351563,OB,S426,A10000000,D100,R1000,Kraken
0.455647,0.355974,OB,S426,A10000000,D100,R150,Kraken
0.449222,0.352045,OB,S426,A10000000,D100,R300,Kraken
0.465483,0.362424,OB,S426,A10000000,D100,R75,Kraken
5.98153,1.88011,OB,S426,A10000000,D100,R1000,MetaPhlan2
6.82535,1.93546,OB,S426,A10000000,D100,R150,MetaPhlan2
3.14108,1.39369,OB,S426,A10000000,D100,R300,MetaPhlan2
6.35295,1.91648,OB,S426,A10000000,D100,R75,MetaPhlan2
0.451586,0.358737,OB,S426,A10000000,D100,R1000,PathoScope2
0.436856,0.350712,OB,S426,A10000000,D100,R150,PathoScope2
0.436509,0.349781,OB,S426,A10000000,D100,R300,PathoScope2
0.437338,0.350994,OB,S426,A10000000,D100,R75,PathoScope2
0.486951,0.250131,OB,S426,A10000000,D100,R1000,Sigma
0.461368,0.236864,OB,S426,A10000000,D100,R150,Sigma
0.479799,0.245216,OB,S426,A10000000,D100,R300,Sigma
0.443091,0.227497,OB,S426,A10000000,D100,R75,Sigma
0.741835,0.660377,OB,S426,A10000000,D100,R1000,Taxator
0.783068,0.711841,OB,S426,A10000000,D100,R150,Taxator
0.760578,0.679859,OB,S426,A10000000,D100,R300,Taxator
0.814288,0.755506,OB,S426,A10000000,D100,R75,Taxator
